<?xml version="1.0" encoding="UTF-8"?>
<!DOCTYPE suite SYSTEM "https://testng.org/testng-1.0.dtd">
<suite name="Suite">
  <test thread-count="5" name="Test">
    <classes>
      <class name="TestScenario.PageTest">
      <methods>
      <include name="TestCase_1"></include>
      <include name="TestCase_2"></include>
      <include name="TestCase_3"></include>
      <include name="TestCase_4"></include>
      <include name="TestCase_5"></include>
      <include name="TestCase_6"></include>
      </methods>
      </class>
    </classes>
  </test> <!-- Test -->
</suite> <!-- Suite -->
